key,domain,note,max_len,en,de,reviewed_de
building.CHARCOAL_KILN.desc,building,,,Grants +{ironBonus} iron per turn per in-range kiln to each mine and deep mine within {radius} tiles.,Gewährt jeder Mine und Tiefenmine im Umkreis von {radius} Feldern pro Zug und Meiler zusätzlich {ironBonus} Eisen.,Gewährt jeder Mine und Tiefenmine im Umkreis von {radius} Feldern pro Runde und Meiler zusätzlich {ironBonus} Eisen.
building.CRYSTAL_CHAMBER.desc,building,,,"Arcane resonator. When a Crystal Chamber is consumed by lava, all surviving chambers begin resonating and generate {crystalsPerTurn, plural, one {# crystal} other {# crystals}} per turn. While active, Mages can be recruited once Arcane Awakening is researched.","Arkaner Resonator. Wird eine Kristallkammer von der Lava verschlungen, beginnen alle übrigen Kammern zu resonieren und erzeugen pro Zug {crystalsPerTurn, plural, one {# Kristall} other {# Kristalle}}. Solange sie aktiv sind, können nach Erforschung des Arkanen Erwachens Magier rekrutiert werden.","Arkaner Resonator. Wird eine Kristallkammer von der Lava verschlungen, beginnen alle übrigen Kammern zu resonieren und erzeugen pro Runde {crystalsPerTurn, plural, one {# Kristall} other {# Kristalle}}. Solange sie aktiv sind, können nach Erforschung von „Arkane Erweckung“ Magier rekrutiert werden."
building.DEEP_MINE.desc,building,,,Produces {ironPerTurn} iron per turn. An advanced mine that delves deeper into the mountain to extract richer ore veins.,Erzeugt pro Zug {ironPerTurn} Eisen. Diese fortschrittliche Mine gräbt tiefer in den Berg und fördert reichere Erzadern.,Erzeugt pro Runde {ironPerTurn} Eisen. Diese fortschrittliche Mine gräbt tiefer in den Berg und fördert reichere Erzadern.
building.EMBERNEST.desc,building,,,"Corrupted forest nest that spawns Emberlings every {spawnInterval, plural, one {# turn} other {# turns}}.","Verdorbenes Waldnest, das alle {spawnInterval, plural, one {# Zug} other {# Züge}} Glutlinge hervorbringt.","Verdorbenes Waldnest, das alle {spawnInterval, plural, one {# Runde} other {# Runden}} Glutlinge hervorbringt."
building.GRAVE_TRAP.desc,building,,,"A magic trap forged from a gravestone. The next enemy to step onto it is stunned for {stunTurns, plural, one {# turn} other {# turns}}, along with all adjacent enemies. The trap is consumed on trigger.","Magische Falle aus einem Grabstein. Der nächste Gegner, der sie betritt, wird zusammen mit allen benachbarten Gegnern für {stunTurns, plural, one {# Zug} other {# Züge}} betäubt. Danach wird die Falle verbraucht.","Magische Falle aus einem Grabstein. Der nächste Gegner, der sie betritt, wird zusammen mit allen benachbarten Gegnern für {stunTurns, plural, one {# Runde} other {# Runden}} betäubt. Danach wird die Falle verbraucht."
building.INFERNALSANCTUM.desc,building,,,Enemy zone stronghold. Capturing it triggers a Sanctum Collapse.,Feindliche Zonenfestung. Ihre Eroberung löst den Einsturz des Sanktuariums aus.,Feindliche Zonenfestung. Ihre Eroberung löst den Einsturz des Sanctums aus.
building.INFERNALSANCTUM.name,building,,,Infernal Sanctum,Infernalisches Sanktuarium,Infernal Sanctum
building.LAVALAIR.desc,building,,,Enemy spawner building. Produces Lava Grunt units.,Feindliches Spawnergebäude. Erzeugt Lava-Kämpfer.,Feindliche Brutstätte. Bringt Lava-Kämpfer hervor.
building.LAVALAIR.name,building,,,Lava Lair,Lavanest,Lavahort
building.MAGMASPYR.desc,building,,,Corrupted mountain spire that attacks nearby units up to {maxAttacksPerTurn} times per turn.,"Verdorbener Bergturm, der nahe Einheiten bis zu {maxAttacksPerTurn}-mal pro Zug angreift.","Verdorbener Bergturm, der nahe Einheiten bis zu {maxAttacksPerTurn}-mal pro Runde angreift."
building.MAGMASPYR.name,building,,,Magma Spyr,Magmaspeer,Magmazinne
building.MARKET.desc,building,,,"A neutral market. Offers appear when the market is discovered. A unit standing here may Trade {tradesPerTurn, plural, one {# time} other {# times}} per turn for {resourceSlots, plural, one {# resource swap} other {# resource swaps}} and {specialistSlots, plural, one {# specialist offer} other {# specialist offers}}. Trading ends the unit's turn. Includes {freeRestocks, plural, one {# free restock} other {# free restocks}} every {freeRestockInterval, plural, one {# turn} other {# turns}}. Destroyed only by lava.","Neutraler Markt. Angebote erscheinen, sobald du den Markt entdeckst. Eine hier stehende Einheit kann pro Zug {tradesPerTurn, plural, one {# Mal} other {# Mal}} handeln und {resourceSlots, plural, one {# Ressourcentausch} other {# Ressourcentausche}} sowie {specialistSlots, plural, one {# Spezialistenangebot} other {# Spezialistenangebote}} nutzen. Der Handel beendet den Zug der Einheit. Alle {freeRestockInterval, plural, one {# Zug} other {# Züge}} gibt es {freeRestocks, plural, one {# kostenlose Auffüllung} other {# kostenlose Auffüllungen}}. Wird nur von Lava zerstört.","Neutraler Markt. Angebote erscheinen, sobald du den Markt entdeckst. Eine hier stehende Einheit kann pro Runde {tradesPerTurn, plural, one {# Mal} other {# Mal}} handeln und {resourceSlots, plural, one {# Ressourcentausch} other {# Ressourcentausche}} sowie {specialistSlots, plural, one {# Spezialistenangebot} other {# Spezialistenangebote}} nutzen. Der Handel beendet den Zug der Einheit. Alle {freeRestockInterval, plural, one {# Runde} other {# Runden}} gibt es {freeRestocks, plural, one {# kostenlose Auffüllung} other {# kostenlose Auffüllungen}}. Wird nur von Lava zerstört."
building.MINE.desc,building,,,"Produces {ironPerTurn} iron per turn, the primary resource for training units.","Erzeugt pro Zug {ironPerTurn} Eisen, die wichtigste Ressource für die Ausbildung von Einheiten.","Erzeugt pro Runde {ironPerTurn} Eisen, die wichtigste Ressource für die Ausbildung von Einheiten."
building.SCOUT_TRAP.desc,building,,,"A concealed trap laid by a Scout. The next non-Flying enemy to enter it takes {damage} damage and is stunned for {stunTurns, plural, one {# turn} other {# turns}}, then the trap is consumed.","Verborgene Falle eines Kundschafters. Der nächste nicht fliegende Gegner, der sie betritt, erleidet {damage} Schaden und wird für {stunTurns, plural, one {# Zug} other {# Züge}} betäubt. Danach wird die Falle verbraucht.","Verborgene Falle eines Kundschafters. Der nächste nicht fliegende Gegner, der sie betritt, erleidet {damage} Schaden und wird für {stunTurns, plural, one {# Runde} other {# Runden}} betäubt. Danach wird die Falle verbraucht."
building.SIEGE_CAMP.desc,building,,,Engineering works that trains Siege engines.,Werkstatt zur Ausbildung von Belagerungsgeräten.,Werkstatt zum Bau von Katapulten.
building.WOODCUTTER.desc,building,,,"Produces {woodPerTurn} wood per turn, used alongside iron for buildings and recruitment.","Erzeugt pro Zug {woodPerTurn} Holz, das zusammen mit Eisen für Gebäude und Rekrutierungen gebraucht wird.","Erzeugt pro Runde {woodPerTurn} Holz, das zusammen mit Eisen für Gebäude und Rekrutierungen gebraucht wird."
common.close,common,,9,Close,Schließ,Schließen
common.less,common,,6,Less,Wenig,Kürzer
hint.H01_BUILD_WOODCUTTER.short,hint,,,Move a unit onto a forest tile to build a Woodcutter for wood income.,"Ziehe eine Einheit auf ein Waldfeld, um einen Holzfäller für Holzeinnahmen zu bauen.","Ziehe eine Einheit auf ein Waldfeld, um ein Holzfällerlager für Holzeinnahmen zu bauen."
hint.H06_LAVA_ADVANCE.detail,hint,,,"Every few turns the lava front moves one row north, consuming everything on it. The counter in the HUD shows turns until the next advance. You cannot stop it, keep moving north and let go of what lies behind.","Alle paar Runden rückt die Lavavorderfront eine Reihe nach Norden vor und verzehrt alles auf ihrem Weg. Der Zähler in der HUD zeigt die Runden bis zum nächsten Vorrücken. Du kannst die Lava nicht aufhalten: Ziehe nach Norden und lass zurück, was hinter dir liegt.","Alle paar Runden rückt die Lavafront eine Reihe nach Norden vor und verzehrt alles auf ihrem Weg. Der Zähler im HUD zeigt die Runden bis zum nächsten Vorrücken. Du kannst die Lava nicht aufhalten: Ziehe nach Norden und lass zurück, was hinter dir liegt."
hint.H10_HOMELESS.detail,hint,,,"Your population exceeds housing capacity, the most recently recruited units lose their shelter: -{defensePenalty} DEF and {hpLoss} HP at the end of every player turn. Build more Farms or Patrician Houses, or the unit will wither away.","Deine Bevölkerung übersteigt die Wohnkapazität. Die zuletzt rekrutierten Einheiten verlieren ihre Unterkunft: Am Ende jeder Spielerrunde erhalten sie -{defensePenalty} VER und verlieren {hpLoss} TP. Baue mehr Bauernhöfe oder Patrizierhäuser, sonst verkommt die Einheit.","Deine Bevölkerung übersteigt die Wohnkapazität. Die zuletzt rekrutierten Einheiten verlieren ihre Unterkunft: Am Ende jeder Spielerrunde erhalten sie -{defensePenalty} DEF und verlieren {hpLoss} LP. Baue mehr Bauernhöfe oder Patrizierhäuser, sonst geht die Einheit zugrunde."
hint.H10_HOMELESS.short,hint,,,A unit is homeless! It loses HP every turn.,Eine Einheit ist obdachlos! Sie verliert jede Runde TP.,Eine Einheit ist obdachlos! Sie verliert jede Runde LP.
hint.H11_UNTRAINED.detail,hint,,,"You have more units of this kind than your training buildings support. Untrained units suffer -{attackPenalty} ATK. Build another Barracks, camp or chamber of the matching type to restore full strength.","Du hast mehr Einheiten dieser Art, als deine Ausbildungsgebäude unterstützen. Una usgebildete Einheiten erleiden -{attackPenalty} ANG. Baue eine weitere Kaserne, ein Lager oder eine Kammer des passenden Typs, um ihre volle Stärke wiederherzustellen.","Du hast mehr Einheiten dieser Art, als deine Ausbildungsgebäude unterstützen. Unausgebildete Einheiten erleiden -{attackPenalty} ATK. Baue eine weitere Kaserne, ein Lager oder eine Kammer des passenden Typs, um ihre volle Stärke wiederherzustellen."
hint.H12_CORRUPTION.detail,hint,,,"Corruption is dead, poisoned terrain claimed by the enemy. Units standing on it lose the benefit of certain ability tags. Move off corrupted tiles, or research means to cleanse them (Scouts can extinguish corruption with the right tech).","Verderbnis ist totes, vergiftetes und vom Gegner beanspruchtes Gelände. Einheiten darauf verlieren bestimmte Fähigkeitstags. Ziehe sie von verdorbenen Feldern weg oder erforsche Möglichkeiten, sie zu reinigen (mit der passenden Technologie können Kundschafter Verderbnis löschen).","Verderbnis ist totes, vergiftetes und vom Gegner beanspruchtes Gelände. Einheiten darauf verlieren bestimmte Merkmale. Ziehe sie von verdorbenen Feldern weg oder erforsche Möglichkeiten, sie zu reinigen (mit der passenden Technologie können Kundschafter Verderbnis löschen)."
hint.H13_BURNING.detail,hint,,,"Burning tiles deal {damage} damage to non-Lava, non-Flying, non-Cinderborn units at the end of the turn. Move out of the fire. Lava, Flying, and Cinderborn units are immune.","Brennende Felder fügen Einheiten ohne Lava-, Fliegend- oder ASCHENGEBOREN-Tag am Ende des Zugs {damage} Schaden zu. Ziehe dich aus dem Feuer zurück. Einheiten mit diesen Tags sind immun.","Brennende Felder fügen Einheiten ohne die Merkmale „Lava“, „Fliegend“ oder „Aschegeboren“ am Ende der Runde {damage} Schaden zu. Ziehe dich aus dem Feuer zurück. Einheiten mit diesen Merkmalen sind immun."
hint.H14_FIRST_TECH_FIELD_DUTIES.detail,hint,,,"Guards are cheap and sturdy but cannot construct or capture until you research Field Duties. With it, Guards become your workhorses: they build, they capture, they hold the line. Research gets more expensive as the Ember Level rises, so research early.","Wächter sind günstig und robust, können aber erst nach der Erforschung von Felddienst bauen oder erobern. Danach werden sie zu deinen Arbeitstieren: Sie bauen, erobern und halten die Linie. Forschung wird mit steigender Glutstufe teurer, also erforsche früh.","Wächter sind günstig und robust, können aber erst nach der Erforschung von Felddienst bauen oder erobern. Danach werden sie zu deinen Arbeitstieren: Sie bauen, erobern und halten die Stellung. Forschung wird mit steigender Glutstufe teurer, also erforsche früh."
hint.H19_EMBERBIND_LEASH.detail,hint,,,"The bound Ember Demon stays loyal only while it remains within the Mage's leash range. If the Mage moves too far away (checked at end of turn, and during the enemy turn), the demon defects and turns hostile. Move the Mage carefully.","Der gebundene Glutdämon bleibt nur loyal, solange er in Reichweite des Magiers bleibt. Entfernt sich der Magier zu weit (geprüft am Zugende und während des gegnerischen Zugs), läuft der Dämon über und wird feindlich. Bewege den Magier mit Bedacht.","Der gebundene Glutdämon bleibt nur loyal, solange er in Reichweite des Magiers bleibt. Entfernt sich der Magier zu weit (geprüft am Rundenende und während der gegnerischen Runde), läuft der Dämon über und wird feindlich. Bewege den Magier mit Bedacht."
hud.buildingPanel.moveUnitToRaiseGargoyle,hud,,,A unit is standing here. Move it to raise a Gargoyle.,"Hier steht eine Einheit. Bewege sie, um eine Gargoyle zu erheben.","Hier steht eine Einheit. Bewege sie, um einen Gargoyle zu erwecken."
hud.buildingPanel.raiseGargoyle,hud,,,Raise Gargoyle (💎{cost}),Gargoyle erheben (💎{cost}),Gargoyle erwecken (💎{cost})
hud.difficulty.standardDescription,hud,,,"Enemies are at full strength. Lava advances every {turns, plural, one {# turn} other {# turns}}.","Gegner sind voll stark. Lava rückt alle {turns, plural, one {# Runde} other {# Runden}} vor.","Gegner haben volle Stärke. Lava rückt alle {turns, plural, one {# Runde} other {# Runden}} vor."
hud.gameIntro.secondSentence,hud,,,"The Volcael advance from the north, racing it.",Die Volcael rücken von Norden vor und jagen ihr hinterher.,"Von Norden rücken die Volcael vor, im Wettlauf mit ihr."
hud.gameIntro.thirdSentence,hud,,,Push forward and raze every {sanctum}.,Dringe weiter vor und schleife jedes {sanctum} dem Erdboden gleich.,Dringe weiter vor und mache jedes {sanctum} dem Erdboden gleich.
hud.gameMenu.clearSave,hud,,14,Clear Save,Spielstand weg,Stand löschen
hud.gameMenu.reloadSaveFailed,hud,,,"Reload cancelled because the current game could not be saved first. Please use the Save Game option in the menu before attempting to reload. If that also fails, please report the issue.","Neuladen abgebrochen, da das aktuelle Spiel nicht gespeichert werden konnte. Bitte nutze die Option „Spiel speichern“ im Menü, bevor du neu lädst. Falls auch das fehlschlägt, melde das Problem bitte.","Neuladen abgebrochen, da das aktuelle Spiel nicht gespeichert werden konnte. Bitte nutze die Option „Speichern“ im Menü, bevor du neu lädst. Falls auch das fehlschlägt, melde das Problem bitte."
hud.statSource.farsightMarshal,hud,,,Farsight Marshal (specialist),Weitsicht-Marschall (Spezialist),Fernblickmarschall (Spezialist)
hud.statSource.holdGround,hud,,,Hold Ground (standing on own building),Boden halten (auf eigenem Gebäude),Stellung halten (auf eigenem Gebäude)
hud.statSource.outrider,hud,,,Outrider (tag ability),Vorhut (Tag-Fähigkeit),Vorhut (Merkmal)
hud.statSource.phalanxDefense,hud,,,Phalanx Formation (adjacent guard),Phalanxformation (benachbarte Wache),Phalanxformation (benachbarter Wächter)
hud.statSource.reload,hud,,,"Reload (fired this turn, -{penalty}% DEF)","Nachladen (diesen Zug abgefeuert, -{penalty}% VER)","Nachladen (in dieser Runde gefeuert, -{penalty}% DEF)"
hud.statSource.skirmisher,hud,,,Skirmisher (tag ability),Plänkler (Tag-Fähigkeit),Plänkler (Merkmal)
hud.statSource.tag,hud,Tag is the established French term in the game's interface.,,{name} (tag),{name} (Tag),{name} (Merkmal)
hud.unitPanel.level,hud,The level abbreviation is shared in German and Italian.,,⭐ Lv.{level},⭐ Lv.{level},⭐ St.{level}
hud.unitPanel.levelUp,hud,,,Level Up to Lv.{level},Aufstieg auf Lv.{level},Aufstieg auf St.{level}
hud.unitPanel.xpMax,hud,XP and level abbreviations are shared in German and Italian.,,⭐ XP: {xp} Lv.{level} (MAX),⭐ XP: {xp} Lv.{level} (MAX),⭐ EP: {xp} St.{level} (MAX)
hud.unitPanel.xpProgress,hud,XP and level abbreviations are shared in German and Italian.,,⭐ XP: {xp} / {required} Lv.{level},⭐ XP: {xp} / {required} Lv.{level},⭐ EP: {xp} / {required} St.{level}
hud.zoneCleared.title,hud,,,CLEARED,GESCHAFFT,BEFREIT
popup.infernalSanctumDestroyed,popup,,,"Infernal Sanctum destroyed! Lava advance delayed by {turns, plural, one {# turn} other {# turns}}","Infernalheiligtum zerstört! Der Lavafortschritt verzögert sich um {turns, plural, one {# Runde} other {# Runden}}","Infernal Sanctum zerstört! Das Vorrücken der Lava verzögert sich um {turns, plural, one {# Runde} other {# Runden}}"
reason.heal.brandmarked,reason,,,Brandmarked units cannot be healed,Brandmarkierte Einheiten können nicht geheilt werden,Gebrandmarkte Einheiten können nicht geheilt werden
recruit.unitLimitReached,recruit,,,Unit limit reached ({count}/{max}). Build another: {building},Einheitenlimit erreicht ({count}/{max}). Baue ein weiteres: {building},Einheitenlimit erreicht ({count}/{max}). Weiteres Gebäude nötig: {building}
specialist.spec_03.desc,specialist,,,Your Siege units deal {damagePercent}% of their damage to all enemy units surrounding their target.,Deine Belagerungseinheiten verursachen {damagePercent}% ihres Schadens bei allen Gegnern rund um ihr Ziel.,Deine Katapulte verursachen {damagePercent}% ihres Schadens bei allen Gegnern rund um ihr Ziel.
specialist.spec_05.desc,specialist,,,"When one of your Spearmen, Scouts, or Guards dies, a Gravestone is left on their tile. Pay {crystalCost} crystal to raise a flying Gargoyle from any Gravestone.","Stirbt einer deiner Speerträger, Kundschafter oder Wächter, bleibt auf seinem Feld ein Grabstein zurück. Zahle {crystalCost} Kristall, um von einem beliebigen Grabstein eine fliegende Gargoyle zu erwecken.","Stirbt einer deiner Speerträger, Kundschafter oder Wächter, bleibt auf seinem Feld ein Grabstein zurück. Zahle {crystalCost} Kristall, um aus einem beliebigen Grabstein einen fliegenden Gargoyle zu erwecken."
specialist.spec_08.desc,specialist,,,"Your Scouts can place a Scout Trap within {range} {range, plural, one {tile} other {tiles}} of their position (costs {woodCost} wood). The next non-Flying enemy to enter it takes {damage} damage and is stunned for {stunTurns} {stunTurns, plural, one {turn} other {turns}}.","Deine Kundschafter können eine Kundschafterfalle im Umkreis von {range} {range, plural, one {Feld} other {Feldern}} platzieren (kostet {woodCost} Holz). Der nächste Gegner ohne Fliegend-Tag erleidet beim Betreten {damage} Schaden und wird {stunTurns} {stunTurns, plural, one {Runde} other {Runden}} betäubt.","Deine Kundschafter können eine Kundschafterfalle im Umkreis von {range} {range, plural, one {Feld} other {Feldern}} platzieren (kostet {woodCost} Holz). Der nächste Gegner ohne das Merkmal „Fliegend“ erleidet beim Betreten {damage} Schaden und wird {stunTurns} {stunTurns, plural, one {Runde} other {Runden}} betäubt."
specialist.spec_09.desc,specialist,,,"Your garrisoned Watchtowers, Outposts, and Crystal Towers fire a preventive shot at {damagePercent}% damage when an enemy enters their range.","Deine bemannten Wachtürme, Außenposten und Kristalltürme feuern auf {damagePercent}% Schaden präventiv, wenn ein Gegner in ihre Reichweite kommt.","Deine besetzten Wachtürme, Außenposten und Kristalltürme geben einen Präventivschuss mit {damagePercent}% Schaden ab, wenn ein Gegner ihre Reichweite betritt."
specialist.spec_10.desc,specialist,,,"Your Scouts can extinguish Burning and Corrupted tiles within {radius} {radius, plural, one {tile} other {tiles}}, consuming their action.","Deine Kundschafter können Felder mit BRENNEND oder Verdorben im Umkreis von {radius} {radius, plural, one {Feld} other {Feldern}} löschen; dabei wird ihre Aktion verbraucht.","Deine Kundschafter können brennende und verdorbene Felder im Umkreis von {radius} {radius, plural, one {Feld} other {Feldern}} löschen; dabei wird ihre Aktion verbraucht."
specialist.spec_13.desc,specialist,,,All your Summoned units gain the Rage and Cleave tags.,Alle deine BESCHWORENEN Einheiten erhalten die Tags RASEREI und Spalten.,Alle deine beschworenen Einheiten erhalten die Merkmale „Rage“ und „Spalten“.
specialist.spec_15.desc,specialist,,,Units recruited within {rows} rows of the lava front gain the Cinderborn tag (+{attackBonus} ATK and immunity to Burning tile damage).,"Einheiten, die innerhalb von {rows} Reihen vor der Lavavorderfront rekrutiert werden, erhalten das ASCHENGEBOREN-Tag (+{attackBonus} ANG und Immunität gegen Schaden durch Brennen-Felder).","Einheiten, die innerhalb von {rows} Reihen vor der Lavafront rekrutiert werden, erhalten das Merkmal „Aschegeboren“ (+{attackBonus} ATK und Immunität gegen Schaden durch brennende Felder)."
specialist.spec_17.desc,specialist,,,"Your Siege units gain the Battery tag: each adjacent friendly unit grants +{attackPerAdjacent} ATK, up to {stackCap} stacks.","Deine Belagerungseinheiten erhalten das Batterie-Tag: Jede angrenzende verbündete Einheit gewährt +{attackPerAdjacent} ANG, bis zu {stackCap} Stapel.","Deine Katapulte erhalten das Merkmal „Batterie“: Jede angrenzende verbündete Einheit gewährt +{attackPerAdjacent} ATK, bis zu {stackCap} Stapel."
specialist.spec_18.desc,specialist,,,"While resonating, each Crystal Chamber within {rows} rows of the lava front generates +{crystalBonus} extra crystal per turn.","Während sie resonieren, erzeugt jede Kristallkammer innerhalb von {rows} Reihen vor der Lavavorderfront pro Runde zusätzlich +{crystalBonus} Kristall.","Während sie resonieren, erzeugt jede Kristallkammer innerhalb von {rows} Reihen vor der Lavafront pro Runde zusätzlich +{crystalBonus} Kristall."
specialist.spec_20.desc,specialist,,,"Your Archers gain the Berserk tag: when HP drops below {hpThresholdPct}%, they gain +{attackPct}% ATK. Once triggered, it stays active even if HP recovers.","Deine Bogenschützen erhalten das Berserker-Tag: Sinkt ihre TP unter {hpThresholdPct}%, erhalten sie +{attackPct}% ANG. Der Effekt bleibt nach Auslösung auch bei wiederhergestellten TP bestehen.","Deine Bogenschützen erhalten das Merkmal „Berserker“: Sinken ihre LP unter {hpThresholdPct}%, erhalten sie +{attackPct}% ATK. Der Effekt bleibt nach Auslösung auch bei wiederhergestellten LP bestehen."
specialist.spec_20.name,specialist,A coined title for an archer specialist whose units become berserk at low health.,14,Deathsworn,Todesrufer,Todgeweihter
specialist.spec_21.name,specialist,,14,Pathfinder,Pfadfinder,Wegfinder
specialist.spec_22.desc,specialist,,,Your Mages unlock the Rupture spell: deals {damagePercent}% of the target's current HP as damage for {crystalCost} crystal.,Deine Magier schalten den Zauber Aufbrechen frei: Er verursacht für {crystalCost} Kristall Schaden in Höhe von {damagePercent}% der aktuellen TP des Ziels.,Deine Magier schalten den Zauber Aufbrechen frei: Er verursacht für {crystalCost} Kristall Schaden in Höhe von {damagePercent}% der aktuellen LP des Ziels.
specialist.spec_23.desc,specialist,,,"Doubles farmer and noble housing caps and recruitment unit limits. New units have their iron and wood recruitment cost and max HP halved, rounded up.","Verdoppelt die Wohnplatzgrenzen für Bauern und Adlige sowie die Rekrutierungslimits. Neue Einheiten kosten halb so viel Eisen und Holz und haben halb so viele maximale TP, jeweils aufgerundet.","Verdoppelt die Wohnplatzgrenzen für Bauern und Adlige sowie die Rekrutierungslimits. Neue Einheiten kosten halb so viel Eisen und Holz und haben halb so viele maximale LP, jeweils aufgerundet."
specialist.spec_24.desc,specialist,,,Player units that took no action this turn are healed for {healAmount} HP at the end of the player turn.,"Eigene Einheiten, die in dieser Runde keine Aktion ausgeführt haben, werden am Ende des Spielerzugs um {healAmount} TP geheilt.","Eigene Einheiten, die in dieser Runde keine Aktion ausgeführt haben, werden am Ende der Spielerrunde um {healAmount} LP geheilt."
specialist.spec_24.name,specialist,,22,Field Chirurgeon,Feldchirurg,Feldscher
specialist.spec_25.name,specialist,,18,Estate Warden,Gutshofwächter,Gutsverwalter
specialist.spec_26.desc,specialist,,,🎖️ Each recruitment building supports {capacityBonus} additional unit. Crystal Caves and Crystal Chambers are not affected.,🎖️ Jedes Rekrutierungsgebäude unterstützt eine zusätzliche Einheit ({capacityBonus}). Kristallhöhlen und Kristallkammern sind ausgenommen.,"🎖️ Jedes Rekrutierungsgebäude unterstützt {capacityBonus, plural, one {# zusätzliche Einheit} other {# zusätzliche Einheiten}}. Kristallhöhlen und Kristallkammern sind ausgenommen."
spell.BRANDMARK_HEAL.desc,spell,,,"Fully heal one player unit, multiply its max HP by {hpMultiplier}×, grant +{attackBonus} ATK, and mark it with the brand. The marked unit loses {hpLoss} HP at the end of each turn and cannot be healed by Patch Up. On death, a hostile Ember Demon rises in its place.","Heile eine eigene Einheit vollständig, vervielfache ihre maximalen TP mit {hpMultiplier}×, gewähre +{attackBonus} ANG und versieh sie mit dem Brandmal. Die markierte Einheit verliert am Ende jeder Runde {hpLoss} TP und kann nicht durch Erste Hilfe geheilt werden. Stirbt sie, erhebt sich an ihrer Stelle ein feindlicher Glutdämon.","Heile eine eigene Einheit vollständig, vervielfache ihre maximalen LP mit {hpMultiplier}×, gewähre +{attackBonus} ATK und versieh sie mit dem Brandmal. Die markierte Einheit verliert am Ende jeder Runde {hpLoss} LP und kann nicht durch „Heilen“ geheilt werden. Stirbt sie, erhebt sich an ihrer Stelle ein feindlicher Glutdämon."
spell.EXPLODE.desc,spell,,,Sacrifice a player unit within range. It deals {damagePercent}% of its current HP to each adjacent enemy. The unit is fully consumed - no gravestone is left.,Opfere eine eigene Einheit in Reichweite. Sie fügt jedem angrenzenden Gegner Schaden in Höhe von {damagePercent}% ihrer aktuellen TP zu. Die Einheit wird vollständig verbraucht und hinterlässt keinen Grabstein.,Opfere eine eigene Einheit in Reichweite. Sie fügt jedem angrenzenden Gegner Schaden in Höhe von {damagePercent}% ihrer aktuellen LP zu. Die Einheit wird vollständig verbraucht und hinterlässt keinen Grabstein.
spell.FROSTCRAFT.desc,spell,,,Freeze a Water tile within range. Player units may walk on the ice; enemies cannot. The ice persists until consumed by lava.,"Gefriere ein Wasserfeld in Reichweite. Eigene Einheiten können über das Eis gehen, Gegner nicht. Das Eis bleibt, bis Lava es verzehrt.","Lass ein Wasserfeld in Reichweite gefrieren. Eigene Einheiten können über das Eis gehen, Gegner nicht. Das Eis bleibt, bis Lava es verzehrt."
spell.RUPTURE.desc,spell,,,Deal {damagePercent}% of the target's current HP as damage (never kills - target retains at least {minimumHp} HP). Costs {crystalCost} crystal. Unlocked by the Sundered specialist.,Füge dem Ziel Schaden in Höhe von {damagePercent}% seiner aktuellen TP zu (tötet nie; mindestens {minimumHp} TP bleiben). Kostet {crystalCost} Kristall. Wird durch den Spezialisten Zerrissen freigeschaltet.,Füge dem Ziel Schaden in Höhe von {damagePercent}% seiner aktuellen LP zu (tötet nie; mindestens {minimumHp} LP bleiben). Kostet {crystalCost} Kristall. Wird durch den Spezialisten „Der Zerrissene“ freigeschaltet.
statDisplay.cinderborn,statDisplay,,,Cinderborn (tag),Aschegeboren (Tag),Aschegeboren (Merkmal)
statDisplay.lanceCharge,statDisplay,,,Lance Charge (has not moved this turn),Lanzenangriff (hat sich in diesem Zug nicht bewegt),Lanzenangriff (hat sich in dieser Runde nicht bewegt)
statDisplay.rage,statDisplay,,,"Rage (+{amount} ATK per adjacent enemy, {count} nearby)","Wut (+{amount} ATK pro benachbartem Gegner, {count} in der Nähe)","Rage (+{amount} ATK pro benachbartem Gegner, {count} in der Nähe)"
tag.ASSASSIN.desc,tag,,,Deals {damageMultiplier}× damage and receives no retaliation when striking an enemy that is still at full health.,"Verursacht {damageMultiplier}× Schaden und erleidet beim Angriff keine Gegenwehr, wenn das Ziel noch volle LP hat.","Verursacht {damageMultiplier}× Schaden und erleidet beim Angriff keinen Gegenschlag, wenn das Ziel noch volle LP hat."
tag.BLOODLUST.desc,tag,,,"When this Rider kills an enemy, it may make an extra attack that turn at half attack without retaliation.","Tötet dieser Reiter einen Gegner, kann er in diesem Zug einen zusätzlichen Angriff mit halber ATK ohne Gegenwehr ausführen.","Tötet dieser Reiter einen Gegner, kann er in dieser Runde einen zusätzlichen Angriff mit halber ATK ohne Gegenschlag ausführen."
tag.BRANDMARKED.desc,tag,,,"+{attackBonus} ATK. Loses {hpLossPerTurn} HP at the end of every player turn. Cannot be healed by Patch Up. On death, leaves behind a hostile Ember Demon.",+{attackBonus} ATK. Verliert am Ende jedes Spielerzugs {hpLossPerTurn} LP. Kann nicht durch Heilen geheilt werden. Hinterlässt beim Tod einen feindlichen Glutdämon.,+{attackBonus} ATK. Verliert am Ende jeder Spielerrunde {hpLossPerTurn} LP. Kann nicht durch „Heilen“ geheilt werden. Hinterlässt beim Tod einen feindlichen Glutdämon.
tag.BRANDMARKED.label,tag,,15,Brandmarked,Brandmarkiert,Gebrandmarkt
tag.BUILDANDCAPTURE.desc,tag,,,"Can construct buildings on ruins and resource terrain (forest/mountain), and capture enemy buildings. Strongholds and Watchtowers transfer to your faction; other enemy buildings are demolished.",Kann auf Ruinen und Ressourcengelände (Wald/Berg) Gebäude errichten und feindliche Gebäude erobern. Festungen und Wachtürme wechseln deine Fraktion; andere feindliche Gebäude werden abgerissen.,Kann auf Ruinen und Ressourcengelände (Wald/Berg) Gebäude errichten und feindliche Gebäude erobern. Festungen und Wachtürme gehen in deinen Besitz über; andere feindliche Gebäude werden abgerissen.
tag.BURN.desc,tag,,,"Attacks set the target's tile to Burning, dealing damage to non-Lava, non-Flying, non-Cinderborn units standing there at end of turn.","Angriffe setzen das Feld des Ziels in Brand. Am Zugende erleiden nicht Lava-, Flug- oder Aschegeborene Einheiten darauf Schaden.","Angriffe setzen das Feld des Ziels in Brand. Am Rundenende erleiden Einheiten darauf Schaden; ausgenommen sind Lava-, fliegende und aschegeborene Einheiten."
tag.CINDERBORN.desc,tag,,,Recruited within {rows} rows of the lava front. Gains +{attackBonus} ATK and immunity to Burning tile damage.,Wird innerhalb von {rows} Reihen zur Lavakante rekrutiert. Erhält +{attackBonus} ATK und Immunität gegen Schaden durch Brennend.,Wird innerhalb von {rows} Reihen vor der Lavafront rekrutiert. Erhält +{attackBonus} ATK und Immunität gegen Schaden durch brennende Felder.
tag.CORRUPT.desc,tag,,,Places an Ember Nest on forest tiles and a Magma Spyr on mountain tiles. Corrupts the tile.,Erschafft auf Waldfeldern ein Glutnest und auf Bergfeldern einen Magmaspeer. Verdirbt das Feld.,Erschafft auf Waldfeldern ein Glutnest und auf Bergfeldern eine Magmazinne. Verdirbt das Feld.
tag.CORRUPTED.desc,tag,,,Standing on a Corrupted tile. Some tag abilities are suppressed until this unit moves off the Corrupted tile.,"Steht auf einem verdorbenen Feld. Einige Tag-Fähigkeiten sind unterdrückt, bis sich die Einheit vom Feld wegbewegt.","Steht auf einem verdorbenen Feld. Einige Merkmale sind unterdrückt, bis sich die Einheit vom Feld wegbewegt."
tag.EXPLOSIVE.desc,tag,,,Deals heavy area damage to adjacent enemies when next to an enemy (preemptive self-detonation).,"Fügt benachbarten Gegnern hohen Flächenschaden zu, wenn ein Gegner in der Nähe ist (vorzeitige Selbstexplosion).","Fügt benachbarten Gegnern hohen Flächenschaden zu, sobald ein Gegner angrenzt (vorzeitige Selbstexplosion)."
tag.FLYING.desc,tag,,,Traverses canyons and unfrozen water tiles. Survives knockback over canyons and water (lava still kills). Immune to Burning tile damage. Does not ice-slide across frozen tiles. Takes +{rangedDamageTakenPct}% damage from non-Flying ranged attackers.,Überquert Schluchten und ungefrorene Wasserfelder. Überlebt Rückstoß über Schluchten und Wasser (Lava bleibt tödlich). Immun gegen Schaden durch Brennend. Rutscht nicht über gefrorene Felder. Erleidet {rangedDamageTakenPct}% mehr Schaden durch nicht fliegende Fernkämpfer.,Überquert Schluchten und ungefrorene Wasserfelder. Überlebt Rückstoß über Schluchten und Wasser (Lava bleibt tödlich). Immun gegen Schaden durch brennende Felder. Rutscht nicht über gefrorene Felder. Erleidet {rangedDamageTakenPct}% mehr Schaden durch nicht fliegende Fernkämpfer.
tag.FORTIFIED_GARRISON.desc,tag,,,Attack building gains +{attackBonus} ATK and +{rangeBonus} attack range.,Angriffsgebäude erhalten +{attackBonus} ATK und +{rangeBonus} Angriffreichweite.,Angriffsgebäude erhalten +{attackBonus} ATK und +{rangeBonus} Angriffsreichweite.
tag.HIT_AND_RUN.label,tag,,15,Hit and Run,Treffer & Lauf,Stoß & Rückzug
tag.HOMELESS.desc,tag,,,Unit has no shelter; population cap is exceeded. -{defensePenalty} DEF. Loses {hpLossPerTurn} HP at the end of every player turn.,Die Einheit hat keine Unterkunft; die Bevölkerungsgrenze ist überschritten. -{defensePenalty} DEF. Verliert am Ende jedes Spielerzugs {hpLossPerTurn} LP.,Die Einheit hat keine Unterkunft; die Bevölkerungsgrenze ist überschritten. -{defensePenalty} DEF. Verliert am Ende jeder Spielerrunde {hpLossPerTurn} LP.
tag.LANCE_CHARGE.desc,tag,,,Gains +{attackBonus} attack when striking without having moved this turn.,"Erhält beim Angriff +{attackBonus}, wenn es sich in diesem Zug noch nicht bewegt hat.","Erhält beim Angriff +{attackBonus} ATK, wenn sich die Einheit in dieser Runde noch nicht bewegt hat."
tag.LAVA.desc,tag,,,Lava-faction unit. Immune to Burning tile damage. Retained even when faction changes.,Einheit der Lavafraktion. Immun gegen Schaden durch Brennend. Bleibt auch nach einem Fraktionswechsel erhalten.,Einheit der Lavafraktion. Immun gegen Schaden durch brennende Felder. Bleibt auch nach einem Fraktionswechsel erhalten.
tag.LEASHED.desc,tag,,,"Summoned creature bound to a Mage. If the Mage moves beyond its attack range or dies, the leashed unit defects to the enemy.","Beschworene Kreatur, die an einen Magier gebunden ist. Bewegt sich der Magier weiter als dessen Angriffsreichweite oder stirbt er, läuft die Kreatur zum Gegner über.","Beschworene Kreatur, die an einen Magier gebunden ist. Entfernt sich der Magier weiter als seine Angriffsreichweite von ihr oder stirbt er, läuft die Kreatur zum Gegner über."
tag.PATCHUP.desc,tag,,,Can spend its action to restore {healAmount} HP on an adjacent friendly unit. Cannot heal Summoned or Brandmarked units.,"Kann seine Aktion einsetzen, um einer benachbarten verbündeten Einheit {healAmount} LP wiederherzustellen. Beschworene und Brandmarkierte können nicht geheilt werden.","Kann seine Aktion einsetzen, um einer benachbarten verbündeten Einheit {healAmount} LP wiederherzustellen. Beschworene und gebrandmarkte Einheiten können nicht geheilt werden."
tag.PREP.label,tag,,6,Prep,Vorab,Aufbau
tag.PREVENTIVE_STRIKE.desc,tag,,,"When an enemy moves from outside into this siege unit's attack range during an enemy turn, it automatically fires, dealing {damagePercent}% of its normal attack damage. Suppressed while the siege unit stands on a Corrupted tile.","Betritt ein Gegner während seines Zuges die Reichweite dieser Belagerungseinheit, feuert sie automatisch und verursacht {damagePercent}% ihres normalen Angriffsschadens. Unterdrückt, wenn die Belagerungseinheit auf einem verdorbenen Feld steht.","Betritt ein Gegner während der gegnerischen Runde von außerhalb die Reichweite dieses Katapults, feuert es automatisch und verursacht {damagePercent}% seines normalen Angriffsschadens. Unterdrückt, wenn das Katapult auf einem verdorbenen Feld steht."
tag.PUNCTURE.desc,tag,,,"Ignores defensive bonuses on the target. Stuns targets with base DEF above {defenseThreshold} for {stunDuration, plural, one {# turn} other {# turns}}.","Ignoriert Verteidigungsboni des Ziels. Betäubt Ziele mit einer Grund-DEF über {defenseThreshold} für {stunDuration, plural, one {# Zug} other {# Züge}}.","Ignoriert Verteidigungsboni des Ziels. Betäubt Ziele mit einer Grund-DEF über {defenseThreshold} für {stunDuration, plural, one {# Runde} other {# Runden}}."
tag.RELOAD.desc,tag,,,"After this unit attacks, its DEF is reduced by {defensePenaltyPct}% until the start of its next turn.",Nach dem Angriff sinkt die DEF dieser Einheit bis zum Beginn ihres nächsten Zuges um {defensePenaltyPct}%.,Nach dem Angriff sinkt die DEF dieser Einheit bis zum Beginn ihrer nächsten Runde um {defensePenaltyPct}%.
tag.REVIVABLE.label,tag,,14,Revivable,Belebbar,Wiederbelebbar
tech.ASSASSIN.desc,tech,,,Scouts deal {damageMultiplier}× damage and receive no retaliation when striking a full-HP enemy,"Kundschafter verursachen {damageMultiplier}× Schaden und erleiden keinen Gegenschlag, wenn sie einen Gegner mit vollen TP treffen","Kundschafter verursachen {damageMultiplier}× Schaden und erleiden keinen Gegenschlag, wenn sie einen Gegner mit vollen LP treffen"
tech.ASSASSIN.name,tech,French uses the same word for this technology name.,,Assassin,Meuchelmörder,Assassine
tech.CITADEL.desc,tech,,,Grants +{nobleBonus} noble capacity to Strongholds and boosts Scout and Guard max HP by +{hpBoost},Gewährt Festungen +{nobleBonus} Adelsplätze und Kundschaftern sowie Wächtern +{hpBoost} maximale TP,Gewährt Festungen +{nobleBonus} Adelsplätze und Kundschaftern sowie Wächtern +{hpBoost} maximale LP
tech.CONSCRIPTION.name,tech,French cognate for the basic military conscription technology.,,Conscription,Wehrpflicht,Aushebung
tech.DISTRACTION.desc,tech,,,Each archer hit permanently reduces the target's DEF by {defenseReduction}. Archers carrying this tag have their own ATK reduced by {attackReduction},Jeder Treffer eines Bogenschützen senkt die VER des Ziels dauerhaft um {defenseReduction}. Bogenschützen mit diesem Tag verlieren selbst {attackReduction} ANG,Jeder Treffer eines Bogenschützen senkt die DEF des Ziels dauerhaft um {defenseReduction}. Bogenschützen mit diesem Merkmal verlieren selbst {attackReduction} ATK
tech.FIELDWORK.desc,tech,,,Spearmen and Swordsmen can sacrifice themselves to build an Outpost ({woodCost} wood; starting HP = unit HP × {hpMultiplier}),"Speerträger und Schwertkämpfer können sich opfern, um einen Außenposten zu bauen ({woodCost} Holz; Start-TP = Einheiten-TP × {hpMultiplier})","Speerträger und Schwertkämpfer können sich opfern, um einen Außenposten zu bauen ({woodCost} Holz; Start-LP = Einheiten-LP × {hpMultiplier})"
tech.GRAVE_ENGINES.desc,tech,,,Siege engines and Mages now leave Gravestones on death.,Belagerungsmaschinen und Magier hinterlassen nun beim Tod Grabsteine.,Katapulte und Magier hinterlassen nun beim Tod Grabsteine.
tech.HIT_AND_RUN.desc,tech,,,Riders can make {moveCount} moves: before and after attacking (maximum {postAttackMoveRange} tile post-attack); DEF is reduced by {defensePenalty} as a trade-off,Reiter können {moveCount}-mal ziehen: vor und nach dem Angriff (danach höchstens {postAttackMoveRange} Feld); dafür sinkt ihre VER um {defensePenalty},Reiter können {moveCount}-mal ziehen: vor und nach dem Angriff (danach höchstens {postAttackMoveRange} Feld); dafür sinkt ihre DEF um {defensePenalty}
tech.HIT_AND_RUN.name,tech,,,Hit and Run,Angriff und Rückzug,Stoß und Rückzug
tech.KNIGHTS.desc,tech,,,Heavily armoured cavalry with +{maxHpBonus} max HP,Schwer gepanzerte Kavallerie mit +{maxHpBonus} maximalen TP,Schwer gepanzerte Kavallerie mit +{maxHpBonus} maximalen LP
tech.NOBLE_HERITAGE.desc,tech,,,"Grants the Elite tag to Riders, Guards, and Siege engines - each gaining +{hpBonus} max HP","Verleiht Reitern, Wächtern und Belagerungsmaschinen das Elite-Tag. Jede Einheit erhält +{hpBonus} maximale TP","Verleiht Reitern, Wächtern und Katapulten das Merkmal „Elite“. Jede Einheit erhält +{hpBonus} maximale LP"
tech.PATCH_UP.desc,tech,,,Scouts can spend their action to restore {healAmount} HP on one adjacent friendly unit,"Kundschafter können ihre Aktion einsetzen, um einer angrenzenden verbündeten Einheit {healAmount} TP wiederherzustellen","Kundschafter können ihre Aktion einsetzen, um einer angrenzenden verbündeten Einheit {healAmount} LP wiederherzustellen"
tech.PATCH_UP.name,tech,,,Patch Up,Erste Hilfe,Heilen
tech.PIN_DOWN.name,tech,,,Pin Down,Niederhalten,Festnageln
tech.PREVENTIVE_STRIKE.desc,tech,,,"Siege engines automatically fire {shotsPerTurn} time per enemy turn at the first enemy unit that moves from outside into their attack range, dealing {damagePercent}% of their normal attack damage","Belagerungsmaschinen feuern pro gegnerischem Zug automatisch {shotsPerTurn}-mal auf die erste feindliche Einheit, die von außerhalb in ihre Reichweite zieht, und verursachen {damagePercent}% ihres normalen Angriffsschadens","Katapulte feuern pro gegnerischer Runde automatisch {shotsPerTurn}-mal auf die erste feindliche Einheit, die von außerhalb in ihre Reichweite zieht, und verursachen {damagePercent}% ihres normalen Angriffsschadens"
tech.SIEGE_WORKS.desc,tech,,,Build Siege Camps and field devastating siege engines,Baue Belagerungslager und stelle verheerende Belagerungsmaschinen auf,Baue Belagerungslager und stelle verheerende Katapulte auf
tech.UNLOCK_SWORDSMAN.desc,tech,,,Unlocks the Swordsman - elite heavy infantry with superior attack and defense - recruitable at the Barracks. Swordsman recruitment costs +{ironCost} iron.,"Schaltet den Schwertkämpfer frei, eine elitäre schwere Infanterie mit starkem Angriff und hoher Verteidigung, rekrutierbar in der Kaserne. Die Rekrutierung kostet zusätzlich {ironCost} Eisen.","Schaltet den Schwertkämpfer frei, schwere Eliteinfanterie mit starkem Angriff und hoher Verteidigung, rekrutierbar in der Kaserne. Die Rekrutierung kostet zusätzlich {ironCost} Eisen."
tech.WALLED_SETTLEMENT.desc,tech,,,"Strongholds gain +{farmerBonus} farmer capacity. Produces +{ironAmount} iron and +{woodAmount} wood per turn (flat, once - requires at least one Stronghold)",Festungen erhalten +{farmerBonus} Bauernplätze. Einmalig gibt es pro Runde zusätzlich +{ironAmount} Eisen und +{woodAmount} Holz (erfordert mindestens eine Festung),"Festungen erhalten +{farmerBonus} Bauernplätze. Erzeugt pro Runde pauschal +{ironAmount} Eisen und +{woodAmount} Holz (einmalig, nicht pro Festung; erfordert mindestens eine Festung)"
terrainTag.BURNING.desc,terrainTag,,,"Non-Lava, non-Flying, non-Cinderborn units on this tile take {damage} damage at the end of each turn.","Nicht Lava-, Flug- oder Aschegeborene Einheiten auf diesem Feld erleiden am Ende jedes Zuges {damage} Schaden.","Einheiten auf diesem Feld erleiden am Ende jeder Runde {damage} Schaden; ausgenommen sind Lava-, fliegende und aschegeborene Einheiten."
terrainTag.CORRUPTED.desc,terrainTag,,,"Player units on this tile are isolated from ally tag interactions. No Phalanx bonuses, no Patch Up healing, no Pin Down / Distraction / Splash effects on attack, and no tag-based attack bonuses (Knight, Lance Charge, Assassin, Bloodlust). Preventive Strike overwatch is also suppressed. Base stats, movement, ranged capability, and persistent effects (Brandmarked) remain unchanged.","Spielereinheiten auf diesem Feld sind von Tag-Interaktionen mit Verbündeten isoliert. Keine Phalanx-Boni, keine Heilung, keine Pin-Down-, Ablenkungs- oder Flächenschaden-Angriffe und keine tagbasierten Angriffsboni (Ritter, Lanzenangriff, Assassine, Blutrausch). Auch der Präventivschlag wird unterdrückt. Grundwerte, Bewegung, Fernkampffähigkeit und anhaltende Effekte (Brandmarkiert) bleiben unverändert.","Spielereinheiten auf diesem Feld sind von Merkmal-Interaktionen mit Verbündeten isoliert. Keine Phalanx-Boni, keine Heilung, keine Festnageln-, Ablenkungs- oder Flächenschaden-Effekte beim Angriff und keine merkmalbasierten Angriffsboni (Ritter, Lanzenangriff, Assassine, Blutrausch). Auch der Präventivschlag wird unterdrückt. Grundwerte, Bewegung, Fernkampffähigkeit und anhaltende Effekte (Gebrandmarkt) bleiben unverändert."
terrainTag.FROZEN.desc,terrainTag,,,"Units that end movement on this tile slide one additional tile in their movement direction. Sliding into water, canyon, or lava is fatal. Spawning directly onto a frozen tile triggers no slide. Flying units do not slide.","Einheiten, die ihre Bewegung auf diesem Feld beenden, rutschen in Bewegungsrichtung weiter. Rutschen in Wasser, eine Schlucht oder Lava ist tödlich. Erscheint eine Einheit direkt auf einem gefrorenen Feld, rutscht sie nicht. Fliegende Einheiten rutschen nicht.","Einheiten, die ihre Bewegung auf diesem Feld beenden, rutschen ein weiteres Feld in Bewegungsrichtung. Rutschen in Wasser, eine Schlucht oder Lava ist tödlich. Erscheint eine Einheit direkt auf einem gefrorenen Feld, rutscht sie nicht. Fliegende Einheiten rutschen nicht."
unit.CROSSBOWMAN.desc,unit,,,"Armor-piercing ranged attacker with {attackRange}-tile reach: ignores the target's defensive bonuses and stuns heavily-armored foes. After firing, its own DEF drops {reloadPenalty}% until its next turn.",Panzerbrechender Fernkämpfer mit {attackRange} Feldern Reichweite: ignoriert die Verteidigungsboni des Ziels und betäubt schwer gepanzerte Gegner. Nach dem Schuss sinkt die eigene DEF bis zum nächsten Zug um {reloadPenalty}%.,Panzerbrechender Fernkämpfer mit {attackRange} Feldern Reichweite: ignoriert die Verteidigungsboni des Ziels und betäubt schwer gepanzerte Gegner. Nach dem Schuss sinkt die eigene DEF bis zur nächsten Runde um {reloadPenalty}%.
unit.EMBERLING.desc,unit,,,Sacrificial fire spirit that seeks lava. Reaching lava destroys it and raises Ember by {emberGain}. Its EXPLODE action is available when it is blocked from reaching lava and next to player units; it deals {explosionDamage} damage to all player units within {adjacencyRange} tile and destroys itself.,"Opferbereiter Feuergeist, der die Lava sucht. Erreicht er die Lava, wird er zerstört und erhöht die Glut um {emberGain}. Seine Explodieren-Aktion ist verfügbar, wenn er den Lavazugang nicht erreicht und neben Spielereinheiten steht; sie fügt allen Spielereinheiten im Umkreis von {adjacencyRange} Feld {explosionDamage} Schaden zu und zerstört ihn.","Opferbereiter Feuergeist, der die Lava sucht. Erreicht er die Lava, wird er zerstört und erhöht die Glut um {emberGain}. Seine Aktion „Explosion“ ist verfügbar, wenn ihm der Weg zur Lava versperrt ist und er neben Spielereinheiten steht; sie fügt allen Spielereinheiten im Umkreis von {adjacencyRange} Feld {explosionDamage} Schaden zu und zerstört ihn."
unit.GARGOYLE.desc,unit,,,Flying skeletal gargoyle raised from a Gravestone. Melee attacker that flies {moveRange} tiles over canyons and water.,"Fliegender Skelett-Gargoyle, der aus einem Grabstein erhoben wurde. Nahkämpfer, der {moveRange} Felder über Schluchten und Wasser fliegt.","Fliegender Skelett-Gargoyle, der aus einem Grabstein erweckt wurde. Nahkämpfer, der {moveRange} Felder über Schluchten und Wasser fliegt."
unit.GRIMBEAK.desc,unit,,,"Resilient lava beast that resists damage from summoned units, deals {summonedDamageMultiplier}× damage to them, and prioritises attacking summoned units. Grows enraged in dense clusters.","Widerstandsfähiges Lavabest, das Schaden durch Beschworene verringert, ihnen {summonedDamageMultiplier}× Schaden zufügt und sie bevorzugt angreift. In dichten Gruppen gerät es in Rage.","Widerstandsfähige Lavabestie, die Schaden durch Beschworene verringert, ihnen {summonedDamageMultiplier}× Schaden zufügt und sie bevorzugt angreift. In dichten Gruppen gerät sie in Rage."
unit.GUARD.desc,unit,,,Heavily armored defender with high defense; cannot attack in the same turn it moves.,Schwer gepanzerter Verteidiger mit hoher Verteidigung; kann sich nicht im selben Zug bewegen und angreifen.,Schwer gepanzerter Verteidiger mit hoher Verteidigung; kann sich nicht in derselben Runde bewegen und angreifen.
unit.KINDLER.desc,unit,,,Ranged firestarter that scorches the target's tile.,"Fernkämpfer, der das gegnerische Feld in Brand setzt.","Fernkämpfer, der das Feld des Ziels in Brand setzt."
unit.LANCER.desc,unit,,,"Fast lancer that pierces through front lines, dealing full damage to units behind the target. Immune to stun.","Schneller Lanzenkämpfer, der die Front durchstößt und Gegner hinter dem Ziel voll trifft. Immun gegen Betäubung.","Schneller Lanzenreiter, der die Front durchstößt und Gegner hinter dem Ziel voll trifft. Immun gegen Betäubung."
unit.LANCER.name,unit,Enemy unit name for a fast cavalry unit that charges across the battlefield.,,Lancer,Lanzenkämpfer,Lanzenreiter
unit.LAVA_SIEGE.desc,unit,,,Enemy long-range bombard with {attackRange}-tile reach.,Feindliches Fernkampf-Belagerungsgerät mit {attackRange} Feldern Reichweite.,Feindliches weitreichendes Katapult mit {attackRange} Feldern Reichweite.
unit.LAVA_SIEGE.name,unit,,,Lava Siege,Lava-Belagerer,Lava-Katapult
unit.MAGE.desc,unit,,,"Arcane caster that casts spells instead of attacking, with {attackRange}-tile range and {spellsPerTurn, plural, one {# spell cast} other {# spell casts}} per turn. Recruited from active Crystal Chambers.","Arkaner Zauberwirker, der Zauber statt Angriffen wirkt, mit {attackRange} Feldern Reichweite und {spellsPerTurn, plural, one {# Zauberwirkung} other {# Zauberwirkungen}} pro Zug. Wird aus aktiven Kristallkammern rekrutiert.","Arkaner Zauberwirker, der Zauber statt Angriffen wirkt, mit {attackRange} Feldern Reichweite und {spellsPerTurn, plural, one {# Zauber} other {# Zauber}} pro Runde. Wird aus aktiven Kristallkammern rekrutiert."
unit.RIFTWORM.desc,unit,,,"Digs underground and re-emerges {tunnelRangeMin}–{tunnelRangeMax} tiles south in the same column, avoiding resource terrain and other Riftworms' planned exits. Digging in requires open ground (no buildings, ruins, forest or mountain). On emergence, deals {emergenceDamage} damage to all adjacent player units and corrupts the tile.","Gräbt sich unterirdisch ein und taucht {tunnelRangeMin}–{tunnelRangeMax} Felder weiter südlich in derselben Spalte wieder auf. Meidet Ressourcengelände und geplante Austrittsfelder anderer Risswürmer. Zum Eingraben ist freies Gelände erforderlich (keine Gebäude, Ruinen, Wälder oder Berge). Beim Auftauchen fügt es allen benachbarten Spielereinheiten {emergenceDamage} Schaden zu und verdirbt das Feld.","Gräbt sich unterirdisch ein und taucht {tunnelRangeMin}–{tunnelRangeMax} Felder weiter südlich in derselben Spalte wieder auf. Meidet Ressourcengelände und geplante Austrittsfelder anderer Risswürmer. Zum Eingraben ist freies Gelände erforderlich (keine Gebäude, Ruinen, Wälder oder Berge). Beim Auftauchen fügt er allen benachbarten Spielereinheiten {emergenceDamage} Schaden zu und verdirbt das Feld."
unit.SIEGE.desc,unit,,,Long-range bombard with {attackRange}-tile reach; cannot fire in the same turn it moves.,"Fernkampf-Belagerungsgerät mit {attackRange} Feldern Reichweite; kann nicht im selben Zug feuern, in dem es sich bewegt.","Weitreichendes Katapult mit {attackRange} Feldern Reichweite; kann nicht in derselben Runde feuern, in der es sich bewegt."
unit.SIEGE.name,unit,,,Siege,Belagerungsgerät,Katapult
unit.SKELETON.desc,unit,,,Undead warrior raised from a gravestone.,"Untoter Krieger, der aus einem Grabstein erhoben wurde.","Untoter Krieger, der aus einem Grabstein erweckt wurde."
unit.SPEARMAN.desc,unit,,,"Versatile foot soldier that can move, fight, build structures, and capture enemy buildings.","Vielseitiger Fußsoldat, der kämpfen, Gebäude errichten und feindliche Gebäude einnehmen kann.","Vielseitiger Fußsoldat, der kämpfen, Gebäude errichten und feindliche Gebäude erobern kann."
unit.SWORDSMAN.desc,unit,,,Heavy infantry with superior combat strength. Unlocked by the Swordsman Training tech. Cleave can be researched separately.,Schwere Infanterie mit überlegener Kampfkraft. Wird durch die Schwertkämpfer-Ausbildung freigeschaltet. Spalten kann separat erforscht werden.,Schwere Infanterie mit überlegener Kampfkraft. Wird durch die Technologie „Schwertkämpferausbildung“ freigeschaltet. Spalten kann separat erforscht werden.
